"AminoAcidPosition","direction_change_IWAS","mean_IWas_change","aa_residue"
1,"1->2",-0.0168916666666667,"M"
1,"2->3",0.00391666666666666,"M"
2,"1->2",-0.0532166666666667,"N"
2,"2->3",0.0286916666666667,"N"
3,"1->2",-0.0397916666666666,"I"
3,"2->3",-0.039175,"I"
4,"1->2",-0.068125,"T"
4,"2->3",-0.0452916666666667,"T"
5,"1->2",-0.0675666666666667,"T"
5,"2->3",-0.0364833333333333,"T"
6,"1->2",0.01095,"L"
6,"2->3",0.00369166666666668,"L"
7,"1->2",-0.00755833333333335,"T"
7,"2->3",-0.0332916666666666,"T"
8,"1->2",0.033375,"N"
8,"2->3",0.0712083333333333,"N"
9,"1->2",0.121525,"S"
9,"2->3",0.0397583333333333,"S"
10,"1->2",0.143108333333333,"I"
10,"2->3",0.0457416666666667,"I"
11,"1->2",0.0875333333333333,"S"
11,"2->3",0.01105,"S"
12,"1->2",0.177633333333333,"T"
12,"2->3",-0.0179416666666666,"T"
13,"1->2",0.096925,"S"
13,"2->3",0.00725000000000002,"S"
14,"1->2",-0.050925,"S"
14,"2->3",0.091625,"S"
15,"1->2",-0.074675,"F"
15,"2->3",0.0879,"F"
16,"1->2",-0.122558333333333,"S"
16,"2->3",0.127133333333333,"S"
17,"1->2",-0.204275,"P"
17,"2->3",0.167491666666667,"P"
18,"1->2",-0.195066666666667,"N"
18,"2->3",0.114116666666667,"N"
19,"1->2",-0.119891666666667,"N"
19,"2->3",0.0975416666666667,"N"
20,"1->2",-0.194775,"T"
20,"2->3",0.0908916666666667,"T"
21,"1->2",-0.18045,"N"
21,"2->3",0.05915,"N"
22,"1->2",-0.13795,"G"
22,"2->3",0.0506833333333333,"G"
23,"1->2",-0.143475,"S"
23,"2->3",0.0610333333333333,"S"
24,"1->2",-0.1699,"S"
24,"2->3",0.0741583333333333,"S"
25,"1->2",-0.1188,"T"
25,"2->3",0.0812833333333333,"T"
26,"1->2",-0.132483333333333,"E"
26,"2->3",0.0660083333333333,"E"
27,"1->2",-0.171841666666667,"T"
27,"2->3",0.0594583333333333,"T"
28,"1->2",-0.137708333333333,"V"
28,"2->3",0.061125,"V"
29,"1->2",-0.109525,"N"
29,"2->3",0.0621,"N"
30,"1->2",-0.137791666666667,"S"
30,"2->3",0.0488083333333333,"S"
31,"1->2",-0.114541666666667,"D"
31,"2->3",0.051125,"D"
32,"1->2",-0.0654666666666667,"I"
32,"2->3",0.0928,"I"
33,"1->2",-0.080125,"K"
33,"2->3",0.0848666666666667,"K"
34,"1->2",-0.073525,"T"
34,"2->3",0.0430666666666667,"T"
35,"1->2",-0.0504,"T"
35,"2->3",0.0470916666666667,"T"
36,"1->2",-0.106783333333333,"T"
36,"2->3",0.0512,"T"
37,"1->2",-0.0616166666666666,"S"
37,"2->3",0.107108333333333,"S"
38,"1->2",0.00204166666666667,"S"
38,"2->3",0.110625,"S"
39,"1->2",-0.0815083333333334,"H"
39,"2->3",0.11595,"H"
40,"1->2",-0.03775,"P"
40,"2->3",0.13615,"P"
41,"1->2",0.100491666666667,"V"
41,"2->3",0.125125,"V"
42,"1->2",0.00794166666666665,"S"
42,"2->3",0.0703083333333333,"S"
43,"1->2",0.0334916666666667,"S"
43,"2->3",0.0385916666666667,"S"
44,"1->2",0.0899416666666667,"L"
44,"2->3",0.0320083333333333,"L"
45,"1->2",0.124475,"T"
45,"2->3",-0.0153916666666667,"T"
46,"1->2",0.083725,"M"
46,"2->3",-0.0321083333333333,"M"
47,"1->2",0.154941666666667,"L"
47,"2->3",-0.0874666666666667,"L"
48,"1->2",0.109925,"N"
48,"2->3",-0.0689666666666666,"N"
49,"1->2",0.161483333333333,"D"
49,"2->3",-0.0438416666666667,"D"
50,"1->2",0.11575,"T"
50,"2->3",-0.035125,"T"
51,"1->2",0.0376666666666667,"L"
51,"2->3",-0.00703333333333332,"L"
52,"1->2",0.0118083333333333,"H"
52,"2->3",0.0286333333333333,"H"
53,"1->2",0.00814999999999999,"N"
53,"2->3",0.00335,"N"
54,"1->2",0.07205,"I"
54,"2->3",-0.225333333333333,"I"
55,"1->2",0.0733166666666666,"R"
55,"2->3",-0.2807,"R"
56,"1->2",0.115091666666667,"T"
56,"2->3",-0.305916666666667,"T"
57,"1->2",0.152791666666667,"T"
57,"2->3",-0.285066666666667,"T"
58,"1->2",0.16815,"N"
58,"2->3",-0.248475,"N"
59,"1->2",0.114325,"Q"
59,"2->3",-0.0155833333333333,"Q"
60,"1->2",0.142775,"A"
60,"2->3",0.067425,"A"
61,"1->2",0.184933333333333,"L"
61,"2->3",0.07685,"L"
62,"1->2",0.157525,"K"
62,"2->3",0.0678416666666667,"K"
63,"1->2",0.134975,"K"
63,"2->3",0.0228916666666666,"K"
64,"1->2",0.0857083333333333,"E"
64,"2->3",-0.00500833333333336,"E"
65,"1->2",0.0567666666666667,"L"
65,"2->3",-0.00934166666666668,"L"
66,"1->2",-0.00198333333333335,"S"
66,"2->3",0.0106916666666667,"S"
67,"1->2",-0.0602083333333333,"Q"
67,"2->3",0.0397583333333333,"Q"
68,"1->2",-0.1147,"K"
68,"2->3",0.0545333333333333,"K"
69,"1->2",-0.138458333333333,"T"
69,"2->3",0.0859583333333333,"T"
70,"1->2",-0.147308333333333,"L"
70,"2->3",0.0541,"L"
71,"1->2",-0.170133333333333,"T"
71,"2->3",0.0573833333333333,"T"
72,"1->2",-0.12735,"K"
72,"2->3",0.0317583333333333,"K"
73,"1->2",-0.123433333333333,"T"
73,"2->3",0.0277666666666667,"T"
74,"1->2",-0.0726,"S"
74,"2->3",0.000483333333333351,"S"
75,"1->2",-0.087275,"L"
75,"2->3",0.0244583333333333,"L"
76,"1->2",-0.0514083333333333,"E"
76,"2->3",0.0113166666666667,"E"
77,"1->2",-0.0684166666666667,"E"
77,"2->3",-0.01415,"E"
78,"1->2",-0.0927416666666667,"I"
78,"2->3",0.0484583333333333,"I"
79,"1->2",-0.0946583333333333,"A"
79,"2->3",0.0520916666666667,"A"
80,"1->2",-0.0442166666666667,"L"
80,"2->3",0.0155666666666667,"L"
81,"1->2",-0.01035,"H"
81,"2->3",0.00305000000000001,"H"
82,"1->2",0.0580166666666667,"S"
82,"2->3",-0.0191166666666666,"S"
83,"1->2",0.159808333333333,"S"
83,"2->3",-0.086375,"S"
84,"1->2",0.180908333333333,"Q"
84,"2->3",-0.134625,"Q"
85,"1->2",0.162216666666667,"I"
85,"2->3",-0.0573333333333333,"I"
86,"1->2",0.0714583333333333,"S"
86,"2->3",-0.01315,"S"
87,"1->2",-0.0015,"M"
87,"2->3",0.0284166666666667,"M"
88,"1->2",-0.043675,"D"
88,"2->3",0.0511666666666667,"D"
89,"1->2",-0.0710916666666667,"V"
89,"2->3",0.103191666666667,"V"
90,"1->2",-0.080525,"N"
90,"2->3",0.1061,"N"
91,"1->2",-0.0107,"K"
91,"2->3",0.072825,"K"
92,"1->2",-0.01355,"S"
92,"2->3",0.065725,"S"
93,"1->2",-0.0869666666666667,"A"
93,"2->3",0.0754333333333333,"A"
94,"1->2",-0.0903916666666667,"Q"
94,"2->3",0.0949916666666667,"Q"
95,"1->2",-0.0219,"L"
95,"2->3",0.0754916666666667,"L"
96,"1->2",0.145525,"L"
96,"2->3",-0.000333333333333347,"L"
97,"1->2",0.340866666666667,"D"
97,"2->3",-0.0648666666666667,"D"
98,"1->2",0.400833333333333,"I"
98,"2->3",-0.0790916666666666,"I"
99,"1->2",0.331408333333333,"L"
99,"2->3",-0.0965083333333333,"L"
100,"1->2",0.224366666666667,"S"
100,"2->3",-0.126408333333333,"S"
101,"1->2",0.02465,"R"
101,"2->3",-0.0288583333333333,"R"
102,"1->2",-0.189275,"N"
102,"2->3",0.029375,"N"
103,"1->2",-0.165983333333333,"E"
103,"2->3",0.0467666666666666,"E"
104,"1->2",-0.05085,"Y"
104,"2->3",0.038175,"Y"
105,"1->2",-0.0547333333333333,"P"
105,"2->3",0.00454999999999995,"P"
106,"1->2",-0.108691666666667,"I"
106,"2->3",-0.0324,"I"
107,"1->2",-0.0869166666666667,"N"
107,"2->3",-0.0470916666666667,"N"
108,"1->2",-0.127891666666667,"K"
108,"2->3",-0.0818916666666667,"K"
109,"1->2",-0.204941666666667,"D"
109,"2->3",-0.0899416666666667,"D"
110,"1->2",-0.16535,"A"
110,"2->3",-0.0788916666666667,"A"
111,"1->2",-0.0627916666666667,"R"
111,"2->3",-0.0506833333333333,"R"
112,"1->2",-0.0444,"E"
112,"2->3",-0.0165833333333333,"E"
113,"1->2",-0.0173416666666667,"L"
113,"2->3",0.0224,"L"
114,"1->2",0.030125,"L"
114,"2->3",0.0192333333333333,"L"
115,"1->2",-0.02435,"H"
115,"2->3",0.057575,"H"
116,"1->2",-0.139458333333333,"S"
116,"2->3",0.0367166666666667,"S"
117,"1->2",-0.152925,"A"
117,"2->3",0.04375,"A"
118,"1->2",-0.201108333333333,"P"
118,"2->3",0.0523083333333333,"P"
119,"1->2",-0.253525,"K"
119,"2->3",0.07775,"K"
120,"1->2",-0.230333333333333,"E"
120,"2->3",0.0956666666666666,"E"
121,"1->2",-0.133808333333333,"A"
121,"2->3",0.110275,"A"
122,"1->2",-0.116591666666667,"E"
122,"2->3",0.0839666666666667,"E"
123,"1->2",-0.114116666666667,"L"
123,"2->3",0.0468333333333334,"L"
124,"1->2",-0.144266666666667,"D"
124,"2->3",0.0450166666666667,"D"
125,"1->2",-0.177483333333333,"G"
125,"2->3",0.0410083333333333,"G"
126,"1->2",-0.17605,"D"
126,"2->3",-0.0320166666666667,"D"
127,"1->2",-0.174241666666667,"Q"
127,"2->3",-0.043825,"Q"
128,"1->2",-0.0441166666666667,"M"
128,"2->3",-0.06145,"M"
129,"1->2",0.0196666666666667,"I"
129,"2->3",-0.06345,"I"
130,"1->2",0.047875,"S"
130,"2->3",-0.0592916666666667,"S"
131,"1->2",0.0531916666666667,"H"
131,"2->3",-0.0394333333333333,"H"
132,"1->2",0.030125,"R"
132,"2->3",0.0284083333333333,"R"
133,"1->2",-0.0926,"E"
133,"2->3",0.00797499999999997,"E"
134,"1->2",-0.102483333333333,"L"
134,"2->3",-0.00840833333333332,"L"
135,"1->2",-0.0742,"W"
135,"2->3",-0.0435333333333333,"W"
136,"1->2",-0.056125,"A"
136,"2->3",0.0430333333333333,"A"
137,"1->2",0.0767833333333333,"K"
137,"2->3",-0.0606333333333333,"K"
138,"1->2",0.1349,"I"
138,"2->3",0.0453833333333334,"I"
139,"1->2",0.1256,"A"
139,"2->3",0.0923666666666667,"A"
140,"1->2",0.0919083333333333,"N"
140,"2->3",0.146133333333333,"N"
141,"1->2",0.0390083333333333,"S"
141,"2->3",0.118366666666667,"S"
142,"1->2",-0.0313583333333333,"I"
142,"2->3",0.211125,"I"
143,"1->2",-0.0375833333333334,"N"
143,"2->3",0.148816666666667,"N"
144,"1->2",0.010675,"D"
144,"2->3",0.0714916666666667,"D"
145,"1->2",0.028925,"I"
145,"2->3",0.0465083333333333,"I"
146,"1->2",0.062725,"N"
146,"2->3",0.0330083333333334,"N"
147,"1->2",-0.00160833333333333,"E"
147,"2->3",0.0137666666666667,"E"
148,"1->2",-0.039325,"Q"
148,"2->3",0.0588,"Q"
149,"1->2",-0.0768333333333334,"Y"
149,"2->3",0.0722166666666667,"Y"
150,"1->2",-0.0708,"L"
150,"2->3",0.0405916666666667,"L"
151,"1->2",-0.101175,"K"
151,"2->3",0.035825,"K"
152,"1->2",-0.0443333333333333,"V"
152,"2->3",-0.0529,"V"
153,"1->2",0.0564083333333334,"Y"
153,"2->3",-0.1478,"Y"
154,"1->2",0.068125,"E"
154,"2->3",-0.201666666666667,"E"
155,"1->2",0.004175,"H"
155,"2->3",-0.197575,"H"
156,"1->2",-0.0419583333333333,"A"
156,"2->3",-0.173425,"A"
157,"1->2",-0.126108333333333,"V"
157,"2->3",-0.115291666666667,"V"
158,"1->2",-0.264891666666667,"S"
158,"2->3",-0.0243,"S"
159,"1->2",-0.234191666666667,"S"
159,"2->3",0.0425666666666667,"S"
160,"1->2",-0.127675,"Y"
160,"2->3",0.0435333333333333,"Y"
161,"1->2",-0.0238583333333333,"T"
161,"2->3",0.0521,"T"
162,"1->2",0.02635,"Q"
162,"2->3",0.10585,"Q"
163,"1->2",0.0722166666666667,"M"
163,"2->3",0.103308333333333,"M"
164,"1->2",0.0196166666666667,"Y"
164,"2->3",0.0933083333333333,"Y"
165,"1->2",-0.0502083333333333,"Q"
165,"2->3",0.100741666666667,"Q"
166,"1->2",-0.0786333333333333,"D"
166,"2->3",0.0789,"D"
167,"1->2",-0.076875,"F"
167,"2->3",0.0869333333333333,"F"
168,"1->2",-0.163441666666667,"S"
168,"2->3",0.0511583333333334,"S"
169,"1->2",-0.1564,"A"
169,"2->3",0.032725,"A"
170,"1->2",0.00787499999999999,"V"
170,"2->3",0.03945,"V"
171,"1->2",0.0425166666666667,"L"
171,"2->3",0.0422166666666667,"L"
172,"1->2",0.0271666666666667,"S"
172,"2->3",-0.01955,"S"
173,"1->2",0.130016666666667,"S"
173,"2->3",-0.0261416666666666,"S"
174,"1->2",0.031325,"L"
174,"2->3",-0.0622333333333333,"L"
175,"1->2",-0.200775,"A"
175,"2->3",-0.0855166666666667,"A"
176,"1->2",-0.3044,"G"
176,"2->3",-0.186233333333333,"G"
177,"1->2",-0.271416666666667,"W"
177,"2->3",-0.162391666666667,"W"
178,"1->2",-0.298375,"I"
178,"2->3",-0.116041666666667,"I"
179,"1->2",-0.202383333333333,"S"
179,"2->3",-0.0432583333333333,"S"
180,"1->2",-0.1039,"P"
180,"2->3",-0.047625,"P"
181,"1->2",-0.0601416666666667,"G"
181,"2->3",0.0632166666666667,"G"
182,"1->2",-0.0564416666666666,"G"
182,"2->3",0.000199999999999948,"G"
183,"1->2",-0.0801583333333333,"N"
183,"2->3",-0.021275,"N"
184,"1->2",-0.0486666666666667,"D"
184,"2->3",-0.0331,"D"
185,"1->2",-0.0501666666666667,"G"
185,"2->3",0.04695,"G"
186,"1->2",-0.0479833333333333,"N"
186,"2->3",0.106991666666667,"N"
187,"1->2",-0.119458333333333,"S"
187,"2->3",0.208133333333333,"S"
188,"1->2",-0.107541666666667,"V"
188,"2->3",0.209016666666667,"V"
189,"1->2",-0.194775,"K"
189,"2->3",0.210741666666667,"K"
190,"1->2",-0.120758333333333,"L"
190,"2->3",0.047225,"L"
191,"1->2",-0.204425,"Q"
191,"2->3",0.00967500000000001,"Q"
192,"1->2",-0.201466666666667,"V"
192,"2->3",0.0346166666666667,"V"
193,"1->2",-0.2228,"N"
193,"2->3",0.0769416666666667,"N"
194,"1->2",-0.159875,"S"
194,"2->3",0.1346,"S"
195,"1->2",-0.227366666666667,"L"
195,"2->3",0.290083333333333,"L"
196,"1->2",-0.07115,"K"
196,"2->3",0.253325,"K"
197,"1->2",0.0184333333333333,"K"
197,"2->3",0.171333333333333,"K"
198,"1->2",0.0487916666666667,"A"
198,"2->3",0.109891666666667,"A"
199,"1->2",0.0574,"L"
199,"2->3",0.0852583333333333,"L"
200,"1->2",0.1178,"E"
200,"2->3",0.032225,"E"
201,"1->2",0.105708333333333,"E"
201,"2->3",0.03575,"E"
202,"1->2",0.087,"L"
202,"2->3",0.0777583333333333,"L"
203,"1->2",0.152691666666667,"K"
203,"2->3",0.120808333333333,"K"
204,"1->2",0.169241666666667,"K"
204,"2->3",0.1541,"K"
205,"1->2",0.181325,"K"
205,"2->3",0.1919,"K"
206,"1->2",0.0733416666666667,"Y"
206,"2->3",0.234158333333333,"Y"
207,"1->2",0.0897583333333333,"E"
207,"2->3",0.189908333333333,"E"
208,"1->2",0.0645333333333333,"D"
208,"2->3",0.0882166666666667,"D"
209,"1->2",0.00181666666666668,"K"
209,"2->3",0.06305,"K"
210,"1->2",-0.122008333333333,"P"
210,"2->3",0.0442833333333333,"P"
211,"1->2",-0.111325,"L"
211,"2->3",0.00413333333333335,"L"
212,"1->2",-0.138975,"Y"
212,"2->3",-0.034,"Y"
213,"1->2",-0.154375,"P"
213,"2->3",0.01915,"P"
214,"1->2",-0.112375,"A"
214,"2->3",-0.0604083333333333,"A"
215,"1->2",-0.140508333333333,"T"
215,"2->3",-0.0557416666666667,"T"
216,"1->2",-0.105758333333333,"N"
216,"2->3",-0.026175,"N"
217,"1->2",-0.0769416666666667,"T"
217,"2->3",-0.0156666666666667,"T"
218,"1->2",-0.142016666666667,"V"
218,"2->3",0.00285833333333332,"V"
219,"1->2",-0.153441666666667,"S"
219,"2->3",0.0386333333333333,"S"
220,"1->2",-0.0671833333333333,"Q"
220,"2->3",0.0119833333333334,"Q"
221,"1->2",0.0146083333333333,"K"
221,"2->3",-0.0151083333333333,"K"
222,"1->2",-0.0158166666666667,"E"
222,"2->3",0.0384833333333333,"E"
223,"1->2",0.037975,"A"
223,"2->3",0.0865833333333333,"A"
224,"1->2",0.0941166666666667,"D"
224,"2->3",0.119383333333333,"D"
225,"1->2",0.110358333333333,"K"
225,"2->3",0.125866666666667,"K"
226,"1->2",0.0676416666666667,"W"
226,"2->3",0.117075,"W"
227,"1->2",0.03725,"L"
227,"2->3",0.118291666666667,"L"
228,"1->2",0.00319166666666664,"T"
228,"2->3",0.0888833333333333,"T"
229,"1->2",-0.0452083333333333,"E"
229,"2->3",0.0629333333333333,"E"
230,"1->2",-0.06075,"L"
230,"2->3",0.0767166666666667,"L"
231,"1->2",-0.0516833333333333,"G"
231,"2->3",0.058225,"G"
232,"1->2",-0.0377166666666666,"G"
232,"2->3",0.0584666666666667,"G"
233,"1->2",0.0161416666666667,"T"
233,"2->3",-0.00826666666666667,"T"
234,"1->2",0.0669,"I"
234,"2->3",0.03475,"I"
235,"1->2",0.0905,"G"
235,"2->3",0.0140333333333333,"G"
236,"1->2",0.135608333333333,"K"
236,"2->3",0.0918083333333333,"K"
237,"1->2",0.157133333333333,"V"
237,"2->3",0.116291666666667,"V"
238,"1->2",0.175175,"S"
238,"2->3",0.212866666666667,"S"
239,"1->2",0.183975,"K"
239,"2->3",0.181258333333333,"K"
240,"1->2",0.195558333333333,"K"
240,"2->3",0.170458333333333,"K"
241,"1->2",0.094625,"N"
241,"2->3",0.1208,"N"
242,"1->2",0.0517833333333333,"G"
242,"2->3",0.09735,"G"
243,"1->2",-0.000566666666666694,"G"
243,"2->3",0.013625,"G"
244,"1->2",-0.0779333333333334,"Y"
244,"2->3",-0.0648666666666667,"Y"
245,"1->2",-0.08675,"V"
245,"2->3",-0.0449333333333334,"V"
246,"1->2",-0.0237833333333333,"V"
246,"2->3",-0.0584583333333333,"V"
247,"1->2",-0.0656583333333333,"N"
247,"2->3",-0.0722083333333333,"N"
248,"1->2",-0.0443416666666667,"I"
248,"2->3",-0.062675,"I"
249,"1->2",-0.0731583333333334,"N"
249,"2->3",-0.0851,"N"
250,"1->2",-0.10465,"M"
250,"2->3",-0.0695666666666667,"M"
251,"1->2",-0.111983333333333,"T"
251,"2->3",-0.0725916666666667,"T"
252,"1->2",-0.00506666666666664,"P"
252,"2->3",-0.0344166666666667,"P"
253,"1->2",0.0275833333333333,"I"
253,"2->3",0.0557416666666667,"I"
254,"1->2",0.121716666666667,"D"
254,"2->3",0.132616666666667,"D"
255,"1->2",0.147825,"N"
255,"2->3",0.102333333333333,"N"
256,"1->2",0.082225,"M"
256,"2->3",0.175433333333333,"M"
257,"1->2",-0.0242166666666667,"L"
257,"2->3",0.182908333333333,"L"
258,"1->2",-0.0329583333333333,"K"
258,"2->3",0.139325,"K"
259,"1->2",-0.0764416666666666,"S"
259,"2->3",0.158958333333333,"S"
260,"1->2",-0.0583916666666667,"L"
260,"2->3",0.150808333333333,"L"
261,"1->2",-0.0429666666666667,"N"
261,"2->3",0.108408333333333,"N"
262,"1->2",0.029275,"N"
262,"2->3",0.0480166666666667,"N"
263,"1->2",0.0247083333333333,"L"
263,"2->3",0.0404083333333333,"L"
264,"1->2",0.0926666666666667,"G"
264,"2->3",0.0426916666666667,"G"
265,"1->2",0.103191666666667,"G"
265,"2->3",0.0546666666666667,"G"
266,"1->2",0.146075,"N"
266,"2->3",0.0197083333333334,"N"
267,"1->2",0.134108333333333,"G"
267,"2->3",0.0192,"G"
268,"1->2",0.0807416666666667,"E"
268,"2->3",-0.0279583333333333,"E"
269,"1->2",0.0127083333333334,"V"
269,"2->3",-0.00740000000000007,"V"
270,"1->2",-0.0187083333333333,"V"
270,"2->3",0.013825,"V"
271,"1->2",0.0587416666666667,"L"
271,"2->3",-0.0189083333333333,"L"
272,"1->2",0.26105,"D"
272,"2->3",-0.171391666666667,"D"
273,"1->2",0.380225,"N"
273,"2->3",-0.184066666666667,"N"
274,"1->2",0.410283333333333,"A"
274,"2->3",-0.207058333333333,"A"
275,"1->2",0.318241666666667,"K"
275,"2->3",-0.210441666666667,"K"
276,"1->2",0.321475,"Y"
276,"2->3",-0.183833333333333,"Y"
277,"1->2",0.143116666666667,"Q"
277,"2->3",-0.0314083333333333,"Q"
278,"1->2",0.00703333333333335,"A"
278,"2->3",0.0303333333333333,"A"
279,"1->2",-0.0714583333333333,"W"
279,"2->3",0.08415,"W"
280,"1->2",-0.0261166666666667,"N"
280,"2->3",0.0635416666666667,"N"
281,"1->2",-0.148616666666667,"A"
281,"2->3",0.0764166666666667,"A"
282,"1->2",-0.22765,"G"
282,"2->3",0.082975,"G"
283,"1->2",-0.199541666666667,"F"
283,"2->3",0.0426333333333333,"F"
284,"1->2",-0.183183333333333,"S"
284,"2->3",0.0321333333333333,"S"
285,"1->2",-0.184008333333333,"A"
285,"2->3",0.0544833333333333,"A"
286,"1->2",-0.134041666666667,"E"
286,"2->3",0.0444333333333333,"E"
287,"1->2",-0.0423666666666667,"D"
287,"2->3",0.060125,"D"
288,"1->2",0.0389583333333333,"E"
288,"2->3",0.107025,"E"
289,"1->2",0.0962416666666667,"T"
289,"2->3",0.0936,"T"
290,"1->2",0.131641666666667,"M"
290,"2->3",0.103775,"M"
291,"1->2",0.0887166666666667,"K"
291,"2->3",0.138325,"K"
292,"1->2",0.0678416666666667,"N"
292,"2->3",0.172225,"N"
293,"1->2",0.0160416666666666,"N"
293,"2->3",0.1203,"N"
294,"1->2",-0.0240416666666666,"L"
294,"2->3",0.165125,"L"
295,"1->2",0.01835,"Q"
295,"2->3",0.143625,"Q"
296,"1->2",0.0490333333333334,"T"
296,"2->3",0.110058333333333,"T"
297,"1->2",0.092175,"L"
297,"2->3",0.0861833333333333,"L"
298,"1->2",0.207141666666667,"V"
298,"2->3",0.0765916666666667,"V"
299,"1->2",0.461691666666667,"Q"
299,"2->3",-0.057575,"Q"
300,"1->2",0.464725,"K"
300,"2->3",-0.04435,"K"
301,"1->2",0.439691666666667,"Y"
301,"2->3",-0.0458083333333333,"Y"
302,"1->2",0.376041666666667,"S"
302,"2->3",-0.052325,"S"
303,"1->2",0.222225,"N"
303,"2->3",-0.00491666666666665,"N"
304,"1->2",-0.04385,"A"
304,"2->3",0.131325,"A"
305,"1->2",-0.238791666666667,"N"
305,"2->3",0.147991666666667,"N"
306,"1->2",-0.285791666666667,"S"
306,"2->3",0.181008333333333,"S"
307,"1->2",-0.284758333333333,"I"
307,"2->3",0.147783333333333,"I"
308,"1->2",-0.209191666666667,"F"
308,"2->3",0.115941666666667,"F"
309,"1->2",-0.168541666666667,"D"
309,"2->3",0.0413916666666667,"D"
310,"1->2",0.00270833333333334,"N"
310,"2->3",0.0260083333333333,"N"
311,"1->2",0.113158333333333,"L"
311,"2->3",0.0296916666666667,"L"
312,"1->2",0.128191666666667,"V"
312,"2->3",0.00803333333333333,"V"
313,"1->2",0.0588666666666667,"K"
313,"2->3",0.032525,"K"
314,"1->2",0.0269416666666667,"V"
314,"2->3",0.00441666666666664,"V"
315,"1->2",0.0275416666666667,"L"
315,"2->3",-0.0156333333333333,"L"
316,"1->2",-0.00451666666666667,"S"
316,"2->3",-0.0508166666666667,"S"
317,"1->2",-0.00894166666666668,"S"
317,"2->3",-0.0121583333333333,"S"
318,"1->2",0.049675,"T"
318,"2->3",-0.0635,"T"
319,"1->2",0.0972833333333333,"I"
319,"2->3",-0.0391916666666667,"I"
320,"1->2",0.0568,"S"
320,"2->3",-0.0123916666666667,"S"
321,"1->2",0.023475,"S"
321,"2->3",-0.00389999999999999,"S"
322,"1->2",0.0481666666666667,"C"
322,"2->3",-0.0281083333333333,"C"
323,"1->2",0.027375,"T"
323,"2->3",0.0236,"T"
324,"1->2",0.0305,"D"
324,"2->3",0.0252333333333333,"D"
325,"1->2",0.022325,"T"
325,"2->3",0.075375,"T"
326,"1->2",-0.086575,"D"
326,"2->3",0.145808333333333,"D"
327,"1->2",-0.196916666666667,"K"
327,"2->3",0.167525,"K"
